[
  {
    "id": "DOC001",
    "name": "Dr. Sarah Levine",
    "specialty": "General Practitioner",
    "clinic": "Tel Aviv Medical Center",
    "address": "100 Dizengoff Street, Tel Aviv",
    "city": "Tel Aviv",
    "zip_code": "62000",
    "phone": "+972-3-7654321",
    "email": "s.levine@tamc.co.il",
    "languages": ["en", "he"],
    "accepts_new_patients": true,
    "appointment_types": ["in_person", "telemedicine"],
    "hours": {
      "sunday": "09:00-18:00",
      "monday": "09:00-18:00",
      "tuesday": "09:00-18:00",
      "wednesday": "09:00-18:00",
      "thursday": "09:00-18:00",
      "friday": "09:00-13:00",
      "saturday": "Closed"
    }
  },
  {
    "id": "DOC002",
    "name": "Dr. David Cohen",
    "specialty": "Internal Medicine",
    "clinic": "Ichilov Hospital",
    "address": "6 Weizmann Street, Tel Aviv",
    "city": "Tel Aviv",
    "zip_code": "64239",
    "phone": "+972-3-6974444",
    "email": "d.cohen@ichilov.co.il",
    "languages": ["en", "he", "ru"],
    "accepts_new_patients": true,
    "appointment_types": ["in_person"],
    "hours": {
      "sunday": "08:00-16:00",
      "monday": "08:00-16:00",
      "tuesday": "08:00-16:00",
      "wednesday": "08:00-16:00",
      "thursday": "08:00-16:00",
      "friday": "Closed",
      "saturday": "Closed"
    }
  },
  {
    "id": "DOC003",
    "name": "Dr. Rachel Friedman",
    "specialty": "Family Medicine",
    "clinic": "Haifa Family Health",
    "address": "25 Herzl Street, Haifa",
    "city": "Haifa",
    "zip_code": "33261",
    "phone": "+972-4-8234567",
    "email": "r.friedman@hfh.co.il",
    "languages": ["en", "he", "ar"],
    "accepts_new_patients": true,
    "appointment_types": ["in_person", "telemedicine"],
    "hours": {
      "sunday": "08:00-19:00",
      "monday": "08:00-19:00",
      "tuesday": "08:00-19:00",
      "wednesday": "08:00-19:00",
      "thursday": "08:00-19:00",
      "friday": "08:00-12:00",
      "saturday": "Closed"
    }
  },
  {
    "id": "DOC004",
    "name": "Dr. Michael Rosenberg",
    "specialty": "Cardiology",
    "clinic": "Hadassah Medical Center",
    "address": "Kiryat Hadassah, Jerusalem",
    "city": "Jerusalem",
    "zip_code": "91120",
    "phone": "+972-2-6777111",
    "email": "m.rosenberg@hadassah.org.il",
    "languages": ["en", "he"],
    "accepts_new_patients": false,
    "appointment_types": ["in_person"],
    "hours": {
      "sunday": "09:00-17:00",
      "monday": "09:00-17:00",
      "tuesday": "09:00-17:00",
      "wednesday": "09:00-17:00",
      "thursday": "09:00-17:00",
      "friday": "Closed",
      "saturday": "Closed"
    }
  },
  {
    "id": "DOC005",
    "name": "Dr. Yael Katz",
    "specialty": "Pediatrics",
    "clinic": "Children's Medical Center",
    "address": "18 Sderot Yerushalayim, Be'er Sheva",
    "city": "Be'er Sheva",
    "zip_code": "84101",
    "phone": "+972-8-6400111",
    "email": "y.katz@cmc.co.il",
    "languages": ["en", "he", "ru"],
    "accepts_new_patients": true,
    "appointment_types": ["in_person", "telemedicine"],
    "hours": {
      "sunday": "08:00-18:00",
      "monday": "08:00-18:00",
      "tuesday": "08:00-18:00",
      "wednesday": "08:00-18:00",
      "thursday": "08:00-18:00",
      "friday": "08:00-13:00",
      "saturday": "Closed"
    }
  },
  {
    "id": "TELE001",
    "name": "TeleMed Virtual Clinic",
    "specialty": "Telemedicine - General",
    "clinic": "TeleMed Online",
    "address": "Online Service",
    "city": "Nationwide",
    "zip_code": "00000",
    "phone": "+972-1-700-TELEMED",
    "email": "appointments@telemed.co.il",
    "languages": ["en", "he", "ru", "ar"],
    "accepts_new_patients": true,
    "appointment_types": ["telemedicine"],
    "hours": {
      "sunday": "24/7",
      "monday": "24/7",
      "tuesday": "24/7",
      "wednesday": "24/7",
      "thursday": "24/7",
      "friday": "24/7",
      "saturday": "24/7"
    },
    "services": ["prescriptions", "consultations", "referrals"]
  }
]
